f0,f1,f2,f3,label
0.865106,0.564831,0.228234,-1.380664,2
1.766484,0.139733,-1.098941,2.037768,2
1.784196,2.278468,0.790316,-3.495185,0
4.319651,1.275227,-1.065578,-0.061013,2
0.763338,-0.359924,0.796317,-3.044038,0
2.588218,1.761684,-2.981174,1.194027,1
-1.293279,1.454236,0.222461,1.905470,2
-0.192599,3.999038,2.283387,-3.621571,0
1.195300,0.062814,0.033624,-0.780650,2
2.240398,0.394518,0.423061,-2.128152,0
0.153867,1.334899,0.208162,-2.733569,0
-0.734460,0.246455,-0.146985,0.599265,2
1.846656,0.628045,-0.544056,0.915860,1
1.724070,0.292376,-1.444286,0.198296,1
1.121621,0.171183,0.061806,-2.263775,0
1.025196,1.127717,-0.960990,-2.205356,0
1.975286,-0.382791,-0.532019,0.627778,1
1.096662,0.979205,-1.199452,1.316699,1
0.792601,2.529398,-1.497850,-0.011467,1
1.502923,0.311373,0.376892,0.590555,2
1.772834,1.114710,-1.599143,1.679648,1
1.512775,0.107323,-1.019718,1.501497,1
0.442712,-0.084853,0.667452,-1.513158,2
-0.559811,0.619109,-1.284059,1.134878,2
1.775926,1.704413,-1.717421,0.685099,1
0.967620,-1.523159,3.150812,-3.272476,0
-0.183415,1.260296,0.017603,-1.541440,2
2.208210,1.665252,-1.390424,0.947568,1
1.336803,-0.120955,0.488741,1.388535,2
1.382776,-0.364476,-1.232610,0.494890,1
2.445648,1.022875,-0.523745,1.264860,1
0.909306,0.634398,1.197446,-0.904608,0
1.614357,0.357407,-1.184938,0.795350,1
1.365945,1.017554,-1.278554,2.259109,1
0.729397,0.841049,0.994768,0.648086,2
2.525589,0.094505,-0.739513,0.551081,2
0.595984,-0.162262,0.632686,-4.196259,0
2.693386,0.819600,-1.525495,0.469798,1
0.248467,0.414172,-0.972198,-0.268549,2
0.535863,0.972244,1.415245,-1.521357,0
1.820870,1.320463,-2.013152,1.648148,1
0.690904,0.966504,1.633501,-2.283925,2
1.976164,-0.099880,-0.657323,0.161080,1
1.496608,1.075841,-0.642330,1.219253,1
-0.262183,0.156284,0.928249,1.085282,2
0.743103,1.654672,-0.781094,1.828053,1
0.308238,1.234566,-0.988507,1.937446,2
0.115991,1.114535,1.047596,0.003618,2
0.648662,1.693427,1.616407,-1.928799,0
-0.320505,2.232832,1.259326,-0.581270,0
0.746061,0.408362,-0.135940,0.129248,1
-0.770618,0.991800,1.060172,0.103286,2
1.139329,1.793925,1.880726,-2.607762,0
1.967315,-0.116536,-0.125296,0.950232,2
2.153445,1.040600,-0.683776,2.103241,2
1.692715,0.501136,-0.197002,0.806454,2
-1.390214,0.735562,0.287949,-0.188194,2
1.307200,-0.125734,0.217661,-3.059435,0
3.070876,-0.551495,-0.678121,1.880429,1
1.201439,1.510558,-0.931044,-2.283038,2
2.296906,-0.187219,-1.303514,0.263586,1
1.564330,2.757921,0.082523,-1.744837,0
1.887607,0.766865,-1.033516,1.007678,1
1.201458,2.043097,0.380184,-1.646852,0
0.183808,2.012930,0.999947,-1.196275,0
0.097159,1.948582,0.230401,0.806197,2
-0.111691,1.045814,0.105055,-0.540729,2
-0.681125,0.154733,-0.609151,2.707877,2
2.449069,1.266097,0.409414,0.459318,2
0.797269,1.278698,2.156259,2.445190,2
0.458502,1.692229,0.273297,-3.352330,0
1.693895,1.069411,0.217568,1.201901,1
2.671333,2.488991,-1.018469,2.387883,1
1.284373,1.105272,0.873865,-2.584501,0
0.438636,0.433134,0.198918,1.736334,2
-0.043046,1.631141,-0.561874,-2.357647,0
1.508872,0.716217,0.338464,1.966977,2
1.389010,0.676861,-0.714496,1.925987,1
1.018847,4.932414,0.587494,-1.653140,0
2.313016,0.483870,-0.751517,-0.657698,2
1.913602,1.895468,-0.882800,1.294007,1
0.254989,1.026098,-2.047357,1.437510,2
0.764313,-0.481161,2.200224,-0.960968,2
-0.202885,0.096010,1.552716,-3.453102,0
2.234668,1.423337,-0.891240,0.165451,1
0.183284,3.798926,-0.375853,-3.399296,0
0.526277,1.219608,0.304757,2.192198,2
1.134003,1.745989,-0.673620,-0.053322,1
2.654602,2.377272,-0.700351,1.175833,2
2.476433,-0.567708,-1.903548,-0.827007,2
0.020105,0.136844,0.655197,1.491058,2
-0.828906,1.031053,1.903173,2.865949,2
1.968391,0.604012,1.025909,-0.337163,2
1.314309,1.530823,1.569212,-2.161974,0
-0.213139,1.808146,1.639343,-3.683037,0
1.456194,0.198551,-2.126026,1.895024,1
2.641939,1.615279,-0.903269,1.122572,1
1.028457,0.017352,0.937453,2.641525,2
1.895164,0.173908,0.134088,0.847948,2
2.944743,1.055035,-2.397859,1.466022,1
3.004147,1.511540,-0.455232,1.189726,1
0.560769,-0.742118,-1.950375,1.065550,1
1.116756,1.126290,-0.278572,2.510387,2
0.459052,0.735552,1.344908,-3.478236,0
0.080358,-0.064512,-1.007669,-1.185824,1
0.282592,0.329099,-1.348487,-1.101772,2
1.517492,0.398656,-0.187610,1.447999,1
-1.247501,-0.078712,0.751544,3.900869,2
1.212410,0.830748,1.890041,1.059856,2
0.342656,-0.514647,-0.448574,4.319527,2
0.909268,0.902857,-2.064602,1.260175,1
1.839027,0.398119,0.776376,2.160806,2
1.062079,3.854499,1.286432,-2.897093,0
1.379041,0.129342,-0.739155,0.915459,1
2.955645,4.017099,0.488570,-2.920140,0
2.093561,-0.783339,0.298191,-1.699770,0
-0.411310,0.216143,-0.289097,2.071910,2
0.901104,0.902058,0.643313,1.137757,2
2.117758,0.019379,-1.358009,-1.537654,2
-0.653835,0.933936,1.488202,-2.440247,0
-0.019257,-0.246660,-0.464209,0.495702,2
0.022564,-0.529705,-0.411917,2.599537,2
-1.113174,1.333229,-1.042982,-2.431779,0
0.070953,-1.044024,0.741758,-0.873422,0
0.865299,1.494937,-0.013601,-2.101399,2
1.342428,0.261836,-1.383588,2.255563,2
1.992591,0.418245,-0.463258,0.497444,1
1.225045,0.431520,1.089744,-3.655875,0
1.926795,1.970893,1.811752,-3.390515,0
1.508843,1.651061,-3.003989,0.349007,1
2.020993,0.951240,1.021119,0.634752,2
1.159137,0.701596,-0.441077,-4.222298,0
0.233397,0.935964,0.155361,-5.990093,0
-1.769839,0.172594,0.339611,0.236386,2
-0.367296,-1.213288,2.048407,-0.537030,2
2.087936,3.654069,0.880893,-3.152296,0
1.894542,-0.148578,-0.890494,1.164487,1
2.148002,1.751101,0.145068,0.866218,1
2.472263,0.177782,-1.703193,0.691084,1
-0.123600,2.906237,1.402417,-1.393168,0
1.794670,1.140547,-1.480804,0.284843,1
1.062074,1.989016,-0.228273,-2.048201,0
0.706384,0.731093,-1.517304,0.758762,1
1.123754,1.752959,-0.675787,2.064373,1
1.893452,-0.279540,-1.340517,0.253926,1
1.061889,3.187683,0.914756,-3.190352,0
1.567666,1.064747,-2.101203,1.264845,1
1.927057,0.386787,-1.379231,1.279514,1
-0.319022,-0.067640,0.805561,1.394565,2
2.862374,-0.017569,-2.340805,1.862634,1
1.466258,0.661217,-0.538181,-2.675148,0
-1.493885,0.300322,-2.121326,0.696669,2
0.446666,0.649957,-0.029619,0.933012,1
2.276884,0.281272,-1.727053,-0.007975,1
1.522816,1.518285,1.931784,-3.769409,0
1.642632,0.925430,-0.111459,2.516817,1
-0.139350,-0.332839,-1.700584,3.001686,2
0.559102,0.043948,-0.043093,-2.769682,2
-0.782960,2.781953,0.937199,-2.512796,0
1.142630,1.376226,0.140191,0.188558,1
0.659503,1.014246,0.907946,-2.643906,0
0.478297,-0.142053,-0.011710,0.103862,2
0.524893,1.491828,1.143028,-3.213042,0
1.571412,1.812088,-1.265476,0.921372,1
1.742278,0.758805,0.093536,1.339518,2
0.990883,1.261403,-0.177847,1.566199,1
-1.279162,0.771864,-0.881772,0.688682,2
0.760791,0.049411,1.698687,-2.712784,0
1.667426,1.051422,1.340900,2.798892,2
-1.162857,0.592019,-2.083390,0.377079,2
1.254077,2.774859,1.667941,-2.998944,0
0.928442,1.725275,1.651765,-1.123339,0
0.366301,6.476950,0.631926,-2.986654,0
1.162323,2.580172,1.075013,-3.254385,0
1.889136,1.676508,1.874076,-1.303301,0
-0.386533,0.349250,-0.161785,-2.389796,0
0.769299,0.781475,-0.763535,1.696304,2
1.840434,-0.100774,0.489155,-2.386051,0
0.545278,0.421158,1.783159,2.969620,2
1.771192,-0.018268,2.249492,1.605617,2
0.199157,1.189223,0.255800,-0.597736,0
0.968198,0.626755,-2.077682,2.165199,2
-0.610616,-0.303708,0.647523,-0.204305,2
1.373901,3.071966,-0.786800,-2.748491,0
-0.625465,1.546689,1.383105,-3.919116,0
2.945114,0.599562,-1.916342,1.056033,1
1.335683,-0.151459,0.649416,-3.931498,0
2.563666,1.017264,-1.385315,1.937880,1
0.982266,0.520949,0.211671,1.053175,1
2.658781,1.051459,-1.580130,0.959292,1
1.846810,0.504398,-1.668116,0.550562,1
0.856816,0.973219,-0.812164,1.716667,1
-0.825238,2.653194,0.629464,-3.989474,0
1.858794,1.608552,-0.721883,1.698392,1
2.396144,1.682031,-1.114320,-0.441847,1
-0.247680,0.849387,-0.426759,2.077201,2
1.700451,0.609614,1.888499,-0.380697,2
1.868300,0.203847,-0.731768,1.935692,2
1.407706,1.650722,-1.908411,1.174116,1
1.263578,0.662927,-1.349247,0.287124,1
1.219110,0.014349,-0.141589,-1.774148,0
2.416057,1.479272,-0.847365,2.885272,1
1.032486,0.205491,-1.785295,1.834184,1
1.982543,1.880742,-0.401570,0.978042,1
-0.001987,0.343920,2.424428,-1.698753,0
1.170365,1.186707,0.489474,-2.948708,0
0.410068,-1.472828,0.599671,-2.984981,0
0.919308,1.894273,1.334528,-2.632678,0
2.306806,-1.433167,-1.858735,2.466892,1
-0.332321,1.265334,1.217170,-3.461335,0
1.278929,-0.215008,-0.887289,-3.887293,0
-0.692714,1.602188,0.394262,-2.306651,0
-0.583606,2.561729,-0.051153,1.004704,2
1.057628,1.311337,0.142395,-2.537855,0
1.860447,1.096903,0.971181,0.237885,2
1.310896,2.690998,-1.251100,1.517241,1
1.293489,3.457991,-0.434064,-3.075501,0
0.172366,0.343934,-2.331490,0.934104,2
-2.903381,0.812315,0.575890,1.963244,2
-0.790150,1.325789,-0.804121,-0.737990,2
-0.130124,0.539004,0.792204,-1.828250,0
-1.909195,0.159604,0.937577,1.383939,2
1.356544,-0.585993,0.991532,-1.229768,2
0.966803,1.650602,1.908364,1.850877,2
1.830678,0.115078,-0.417470,2.825035,2
1.811730,0.777770,-2.066171,1.277034,1
2.220216,0.175524,-1.430614,2.367039,1
0.952042,0.363044,-1.063301,0.175992,2
0.416558,1.656744,-0.544609,3.750366,2
-0.432054,0.309201,0.887896,0.737760,2
1.284291,0.773680,-0.758257,-0.145691,1
1.653129,0.794006,-1.357925,1.722808,1
1.450226,0.563551,-1.047427,1.717848,1
0.507663,3.597264,-0.068200,-1.379626,0
-0.020593,1.433137,0.953274,-0.647029,0
2.378703,0.526209,-0.160034,0.999326,1
1.308902,1.297962,-1.007450,1.889229,1
0.235033,2.134776,1.170541,-2.341199,0
0.667120,0.744405,1.386763,-2.475471,0
1.102968,1.191284,0.671325,-3.595309,0
0.836083,1.185442,0.148461,2.365961,2
2.009110,2.124466,-1.207598,-0.086913,1
1.050018,1.430401,-0.121673,-1.985334,0
1.059653,0.935811,-0.270609,1.385201,2
1.047161,1.973221,-0.616987,1.077887,2
0.993074,-0.579029,-0.626622,-0.541211,0
-1.480398,1.036945,-0.778820,-0.036614,2
-1.749734,-0.114679,0.829607,-0.962937,2
1.473646,0.832765,2.045258,0.390766,2
2.611769,1.695498,-1.275565,-0.105457,1
2.616496,-0.476516,-0.409561,2.401178,2
1.617112,0.553938,0.635171,-2.852868,0
1.671545,4.870278,-0.808881,-1.732507,0
-2.844617,0.599243,-1.035520,4.042786,2
1.916196,0.227361,-1.425151,0.723681,1
1.930109,0.749923,-0.612520,2.336398,1
1.606166,-0.368519,-1.542915,-0.025152,2
1.565054,1.211551,0.124683,-2.474462,0
0.913209,-0.136193,-0.714915,0.931138,1
0.162434,0.836150,-0.519365,0.077209,2
0.154214,1.058555,0.115779,-0.675459,2
0.439712,2.478427,2.163452,-3.695547,0
1.152437,0.386336,0.870139,1.759099,2
2.569903,0.993649,-0.480196,0.295911,2
1.236230,0.896482,2.419271,3.575634,2
-0.282587,2.094476,-0.408169,-4.184999,0
1.658848,1.018854,-0.966343,3.527294,2
1.190892,-0.161842,-0.614819,1.330661,1
0.528451,0.535926,0.277331,0.886745,2
0.548036,-0.799569,-0.416982,-2.023775,0
0.106788,2.345679,1.653192,-2.944759,0
1.082960,2.208765,0.741489,3.820757,2
2.782956,1.573119,-1.152619,0.520373,1
1.105849,1.331959,-0.744560,1.029119,1
1.790037,0.116479,1.150622,1.152666,2
0.683723,0.588052,-0.040287,4.777891,2
-0.645961,1.871575,1.660134,-1.922167,0
1.619179,2.464275,-1.825543,0.166429,1
1.439440,-0.546816,-2.285890,2.400749,2
1.681110,1.159748,-0.423408,1.364321,2
1.198654,2.459064,-0.517456,1.728068,1
0.574340,1.621834,-0.022964,2.089409,1
2.311053,0.891885,-1.314371,1.620876,1
1.008764,1.947788,0.412506,-1.003240,0
-0.277828,1.614076,0.194876,-1.622264,0
2.717697,2.016302,-0.542511,0.093014,1
3.331445,0.991499,-0.050013,1.125263,2
0.304622,0.919065,0.362419,0.560212,2
-2.484157,0.560856,0.526619,1.872542,2
0.563834,2.227300,1.486815,-3.054697,0
1.907787,-0.875846,-0.351994,-3.469368,0
-2.327330,-0.191959,1.286729,2.931804,2
0.850878,1.931350,0.292788,0.356297,2
1.031271,0.481235,0.781879,-1.132197,2
1.978778,0.229646,0.899501,-1.188450,2
1.544884,0.963249,-0.439775,0.234096,1
2.814058,0.964940,-0.461145,2.895930,2
1.875835,1.938822,0.560324,1.748096,1
1.476775,0.508287,-0.664106,1.381710,1
1.282536,0.289371,-0.605559,2.951156,1
