f0,f1,f2,f3,target
0.607570,-1.475406,0.045149,-5.525888,3.733350
1.859827,2.129656,0.170774,1.961232,4.871191
0.679220,-1.542611,2.038493,-0.563827,5.881787
0.204929,-2.058038,1.289380,-0.071655,4.045902
0.884537,-1.658020,0.819035,-1.918420,3.050329
1.114809,0.061817,1.111082,1.115242,4.501298
-0.325264,1.348949,3.585336,-3.655956,12.484164
-0.884005,-3.599373,1.843394,0.459067,3.680999
1.298977,1.217563,0.939074,0.820752,6.124555
0.328598,1.533383,-0.982107,-0.823006,1.706736
0.649465,3.551113,-0.458552,-2.353373,5.300195
0.022637,1.751411,0.300379,3.243226,3.931584
-0.995277,2.095826,2.120626,-3.144181,9.888559
0.579991,2.284489,0.763262,2.487253,6.319901
2.307019,0.247588,0.235336,-1.636142,3.027669
0.964443,-0.770321,0.381022,-0.085771,3.347822
0.965847,-2.651040,-1.555701,-5.508212,-1.637950
1.392531,-0.185256,2.801858,0.138483,8.092155
-0.116430,0.688776,0.527456,-2.761174,5.773532
-0.227541,3.476193,1.145168,1.128940,7.845134
0.245569,-1.836517,1.915346,-0.084296,5.619862
-0.129610,-0.634932,-0.660866,0.601881,0.977865
1.338540,-2.153065,2.684927,-1.395288,6.640911
0.579859,-2.153717,0.318685,0.269725,1.426307
0.122623,-1.864997,-0.334450,-1.752823,0.204633
-0.760128,-0.913578,1.212262,2.274652,3.857515
0.963695,4.969672,1.094040,-0.903285,9.516621
1.915749,-2.609685,2.025463,-2.064822,5.156700
0.735900,-4.601933,1.926266,-0.209159,2.176199
-0.291773,3.285094,1.734305,0.266007,9.753930
-0.118986,-0.438631,0.402261,1.847060,3.256765
1.081074,-1.789017,-0.150234,-1.079634,0.544357
-0.588488,-1.624258,0.504780,1.768296,1.753785
1.487157,-2.093073,1.427013,-0.875628,4.309476
2.074008,-0.450225,1.356992,-2.020618,4.596590
-0.169714,0.091360,0.086731,0.982010,2.616403
-0.753709,1.086879,-0.652085,4.170191,1.625482
0.236305,2.028223,-1.362344,1.158187,1.483217
-0.229845,-1.397853,0.672495,-0.579006,3.284993
0.666038,1.272117,1.572943,-0.044372,7.335374
-0.599461,-2.085071,0.356640,-4.781567,2.750672
1.045314,-0.863119,0.276995,2.367737,1.798205
0.979873,0.133113,-0.798083,0.882189,2.073415
0.729731,-2.258363,2.132732,1.342010,4.262115
-1.070767,-0.081108,-1.175592,2.805373,-0.250759
1.088035,-2.731603,-0.631146,0.396515,-0.878263
0.274912,2.953732,1.699357,-0.498325,8.672879
0.909500,-4.740093,1.081401,2.176863,1.095654
0.321451,-1.880842,1.448310,4.720189,3.180788
0.619866,-2.768558,2.709669,-4.215067,7.440371
0.851817,-1.603453,1.971167,-1.818756,4.614274
1.489854,0.304556,-1.838031,-4.436903,0.841946
0.214825,2.454163,0.819325,0.315636,7.163861
0.277172,1.251019,1.178102,0.812155,5.800699
-0.305022,2.224140,2.591091,-2.871007,11.526537
2.249958,1.217727,-0.062274,-4.275164,4.628523
0.971271,0.860889,-0.216546,-4.010162,4.491803
1.334846,-1.617217,-0.038965,6.785737,0.569265
2.115047,1.717812,-0.015566,1.671681,3.670246
-1.313221,-0.114450,-0.451892,-2.834335,2.314625
-0.770021,0.790883,0.765242,0.531273,5.183159
1.115517,-2.174689,-1.133860,-3.977124,-1.085528
0.199974,1.299152,0.423053,1.652276,4.088314
-0.457666,-1.359426,-0.460662,-2.747647,1.208306
1.906294,1.498089,-0.454734,-1.624417,3.002122
0.416114,-3.463603,1.261957,-2.854439,3.807608
0.172578,-2.561250,-0.050581,-2.940408,1.776751
-0.762259,-2.434338,-0.337494,-0.527344,0.009074
0.514217,2.957393,1.801528,-0.429565,9.730205
1.024973,-1.834739,2.713520,1.438856,5.612681
-0.593559,1.288835,1.807033,-6.094366,8.972827
-0.121048,-1.369593,-2.127109,-2.325702,-2.054398
-0.276749,0.751855,1.067925,6.274674,4.926567
0.154054,2.149262,0.750258,0.790219,6.463025
-0.441009,-4.477584,-0.462399,1.934132,-1.932662
1.691189,0.961412,1.351479,-1.793823,7.342057
1.653472,2.561422,-0.123662,0.051359,4.944708
-0.313830,2.828302,1.219710,-0.062030,8.602964
0.776942,0.608091,0.047395,-2.731783,3.702983
-0.537507,-4.104443,1.298403,5.325458,0.128820
-0.860415,-0.045773,1.226347,-2.133471,5.881495
0.619521,-2.717213,2.357906,-1.224436,6.105198
0.538768,1.134971,0.021131,-4.011740,4.965236
0.047541,1.305293,0.516069,0.694428,5.397937
-0.379411,-0.035099,1.681000,0.244212,6.741662
1.944034,-0.794248,-0.855443,-3.607560,1.337571
1.356249,-0.472489,2.087307,1.225071,6.737212
1.724060,2.393381,0.096048,0.797110,4.351914
1.304443,-3.018130,2.716966,2.981598,5.603651
1.224792,-0.779409,1.070330,-2.442276,4.377677
0.505642,-1.615185,0.761320,-0.992453,3.257954
0.681236,2.205711,-1.239959,2.314213,0.917197
-1.088018,-5.018552,0.466134,0.175008,0.073112
0.804854,-3.907677,0.551322,0.453965,-0.223905
1.436485,-0.569425,1.395500,-2.116705,6.316183
0.314763,-1.308416,1.645362,-2.143236,5.019870
-0.188088,0.900849,3.202234,1.050505,10.202296
0.696597,-1.093458,2.197397,1.416595,6.023500
1.808113,0.370385,-0.722604,-1.167833,1.339360
-0.307107,-3.050020,2.448663,2.039311,5.598345
-0.502442,3.507642,0.987794,-2.068890,8.319336
0.760865,-0.494497,-0.470292,-4.364998,3.234859
0.489133,0.286654,-3.059635,1.451501,-4.001089
0.940783,-1.360884,0.797957,-0.494205,3.013359
-0.190250,-1.123547,2.574640,-3.218583,7.093338
0.644997,0.053345,-0.377085,-0.866040,2.616769
-0.628215,-2.187402,0.658671,0.920132,2.813226
-0.237889,6.265152,-0.180299,0.455840,7.937385
0.281312,-1.209460,2.502203,-0.955627,7.174638
1.498049,2.124575,-0.861628,2.570599,1.675595
-0.045075,5.573334,0.084186,-2.031712,9.520324
-1.025247,-3.141340,-0.195069,-2.164679,0.972435
-0.494700,-1.848672,0.341171,3.534304,0.421696
-0.863700,-1.537893,-0.730082,-3.368850,0.964592
-0.523817,-2.303697,1.665055,-0.292181,3.285059
0.042309,0.977201,1.039696,-0.360707,6.795503
0.759360,-2.136338,1.536533,1.246625,4.879469
0.140024,-2.982231,2.816113,0.378696,6.839032
2.832892,-1.757988,1.859712,-0.851789,5.001303
0.657806,1.457539,-0.508497,-0.073733,2.771636
0.585713,-0.099424,1.492197,2.547475,4.536610
1.108716,0.223972,0.139311,-2.471254,4.116985
-0.111254,-1.487951,1.615847,-0.687368,4.833403
-0.505314,1.009761,-0.514149,-1.623978,3.053181
0.284661,0.678500,-2.821841,-2.452091,-2.021794
0.597101,-1.132427,-0.602008,-1.101494,0.788869
1.537596,-1.330461,1.658779,2.003293,4.962745
0.110544,0.614183,-0.008136,-1.262086,4.602595
-0.414858,1.547432,0.066513,-1.126386,4.828899
-0.415986,3.567169,1.700550,-0.149912,9.586486
-0.079561,-3.653373,1.055527,0.830960,1.304587
-0.634425,2.167254,1.749502,-2.080956,8.374953
0.028539,-1.269023,0.867557,-0.179636,3.182888
-0.813664,2.843205,1.090641,3.095188,7.451288
1.436187,-0.794480,1.127410,1.874743,4.050512
1.058945,-0.699360,-0.248874,0.241507,2.124203
-0.162603,-1.547177,-2.272840,0.354110,-2.837023
-0.337807,-1.546973,0.561697,0.890138,2.459644
1.929384,0.097202,-1.388549,0.463796,-0.843970
-0.002583,0.518908,-0.345403,-1.490265,2.876009
0.063085,-1.702090,-1.978420,-1.396806,-2.912923
0.449690,2.251467,0.216994,-0.706305,6.420547
0.911399,0.821725,2.930013,1.521835,9.295281
0.445461,2.549576,2.829612,-0.947633,10.896760
0.583535,-3.979599,0.115295,-1.898575,1.205264
0.294146,-1.386489,0.399221,-0.080589,2.399402
0.844247,0.154605,-0.168057,-2.842620,3.579403
1.420661,2.720373,-0.014167,1.466653,4.578076
-0.725938,-3.723477,0.250383,3.586311,-0.213076
-0.353093,-2.148824,2.941580,-4.249764,8.075618
0.963011,0.710153,0.341568,0.598572,4.221808
2.498945,-2.781892,0.187234,-0.395158,1.405456
-0.075632,-3.246962,2.921090,0.671854,5.436133
-0.906226,-1.864816,1.218344,1.098747,2.667779
-0.659247,-0.542580,1.011189,1.073485,5.124106
0.767378,-4.287512,3.284721,0.650986,5.886732
1.864711,5.847221,0.407094,-2.713614,9.530861
1.132431,-0.735941,-0.009817,-2.246783,2.537002
1.772808,-1.302229,-1.368940,-0.882881,-0.234632
-0.439166,-0.003348,0.036117,-2.302991,4.588806
0.928447,-1.736415,1.674685,3.095677,3.459532
0.179171,-1.743077,0.922911,2.235177,3.171340
0.458412,-0.042165,0.598693,0.884036,3.573335
0.949421,-1.871864,-0.054430,0.260840,0.249989
-0.057012,-0.050449,1.405760,0.108757,5.644859
-0.008666,-2.025718,3.147462,2.205036,7.475168
-0.410137,-2.163752,3.323225,3.678562,6.455374
0.560239,2.159249,-1.494215,0.162393,0.954749
1.036551,-4.367431,-0.485113,1.982302,-1.736186
1.340407,-1.628005,1.052654,3.886774,2.618655
0.163637,-3.228538,0.549216,-0.756173,1.722797
1.472127,0.001435,-0.512491,5.749271,-0.273156
0.071751,0.676916,1.606555,1.985719,6.016237
0.595023,0.923959,0.539907,-3.145383,5.566189
0.289685,-0.773959,0.382493,0.476243,3.027391
-0.025112,2.516981,2.882982,-4.964446,12.260450
0.467835,-1.881664,-3.098576,1.114385,-4.518961
-0.020523,-1.157457,-0.296739,2.690551,0.819038
1.424118,0.253780,1.630747,-0.102463,5.529021
0.569555,-1.949072,0.686752,-1.502522,2.538704
0.750605,1.444433,1.083090,2.916714,5.545906
2.552205,-4.900744,0.656853,-1.164897,0.656905
0.105511,-3.282197,0.712543,-0.442078,1.378773
-0.031385,-0.894877,-0.212406,-5.296414,2.829367
1.298251,-1.001175,-0.723981,0.872853,0.181745
-0.054451,-5.046590,1.908533,-3.745064,3.138488
0.290776,-0.084986,2.571866,2.930526,6.981212
0.589450,-1.995849,0.041088,2.692172,0.482776
1.849519,0.831211,-0.287088,2.556345,2.642664
0.168841,-1.226912,0.237362,1.533565,2.242075
0.674605,1.802298,2.495501,1.354487,8.998331
-1.352713,-4.014109,0.864560,0.008660,1.745349
2.139323,-0.410194,0.418486,2.357286,1.884496
1.288163,-0.853975,1.315531,-2.480250,5.795168
-0.272701,2.321938,-1.379763,2.307045,1.942282
0.987631,1.319912,1.945700,1.472356,7.676683
-1.204365,-2.517038,-0.224687,2.289599,-0.820833
-0.416266,-1.869338,0.117180,3.224795,1.925190
-0.659811,-3.273015,1.536217,-4.790188,3.092635
0.718691,-1.326811,-1.623179,-0.819310,-1.939823
-0.318561,0.018021,1.158744,3.626550,4.049571
0.450643,-0.127381,-0.190284,0.104301,2.690530
1.276632,-4.509626,1.582040,-1.086880,1.656924
0.518032,0.358130,1.856488,0.714487,6.906353
0.155414,0.329257,0.654258,-0.316862,4.527987
0.620083,1.544457,0.835525,0.521366,5.579470
-0.540434,-0.619539,-2.026061,1.835963,-1.655254
-0.269671,2.456693,4.928059,-0.766050,16.059884
1.494349,0.528020,-0.161152,-1.799748,3.434493
0.897484,2.671754,1.144243,-3.361283,8.053656
-0.349756,-0.837893,2.582613,0.819302,6.231999
0.715025,2.273126,0.343969,-0.048178,6.199652
0.319186,-4.190074,1.306180,1.116022,1.601689
1.218974,-2.916110,-0.532228,2.335354,-2.313881
0.711759,2.628941,-0.599840,0.626930,3.743597
-0.064993,0.325059,-0.058029,1.407397,3.501969
1.301326,1.115569,-1.954757,2.349172,-0.972289
0.808540,-2.600608,-0.632427,0.178681,-1.322955
0.906493,-1.319588,-1.688485,0.815026,-0.840112
0.592607,4.934628,-1.209795,6.036170,3.404442
1.817061,0.310719,3.015242,0.384190,9.164934
1.220836,-1.931777,0.751478,-2.203259,3.686719
-0.764319,-0.932374,-0.307226,1.493195,0.198393
1.448613,-0.710680,0.721713,0.596929,3.403923
-0.844009,0.237096,0.653508,0.051470,4.528452
-0.394940,-4.631094,0.278513,0.895544,0.600448
1.503122,2.101563,2.723305,1.020810,9.524698
1.359485,-0.790393,1.538041,2.329171,4.369442
2.551489,0.179891,-1.186875,3.367541,-1.264130
-0.154638,-0.476077,0.215508,-1.954473,3.062273
1.498347,0.944261,-0.240045,0.320801,2.824587
0.123750,0.985644,0.094611,-1.624758,4.475117
-0.040355,-1.289640,1.052020,-1.980364,4.393253
0.391100,0.614490,3.987511,2.153200,12.077290
-1.859244,-1.450162,0.068282,0.905391,2.205696
1.680755,1.260049,-2.663774,0.874169,-1.608741
0.544601,0.548313,2.585054,-2.380830,9.881508
1.318203,-3.921688,0.710088,1.045601,0.943692
2.236770,-1.863792,-1.790864,1.759386,-3.350293
-0.053512,3.037261,-0.377697,-1.883483,4.418903
1.428161,-0.160087,2.071772,-3.171075,7.762368
1.744278,-1.618485,1.811834,-2.180774,5.106504
-0.745051,-0.900286,0.887314,3.830737,3.886467
0.732740,1.202608,1.581737,7.401676,4.933615
-0.175509,2.369699,0.423294,0.766593,4.539244
0.035493,2.169108,-1.161492,-2.919732,3.116058
0.299001,-2.849362,1.645324,2.306073,3.859408
-0.124858,1.350365,-0.311742,0.056340,3.356381
0.465841,3.713387,0.636625,-1.964265,7.878571
-0.252794,2.250403,-1.755140,-0.935676,1.600050
0.164974,-5.644614,-0.035403,2.492971,-1.640262
0.639656,-2.292949,1.626674,1.362169,4.069114
2.034599,-1.950316,0.080043,0.254999,1.047531
0.352757,-0.158042,0.483235,-1.458778,3.784799
-0.786820,-1.558032,-1.358882,-2.290396,-1.306912
0.034370,0.742509,1.852413,-2.272748,8.625282
0.691802,1.367913,0.554553,-3.695029,6.592396
-1.227756,1.335185,1.923716,0.758558,7.560558
-0.374676,2.750849,2.345391,-0.001040,10.453401
0.268782,-4.631280,1.678836,-3.657321,3.469914
0.969942,1.176823,0.734589,3.777288,4.194847
0.189808,0.874903,1.742863,0.679179,6.908711
0.115354,2.261340,1.207093,-0.347799,7.781135
0.312060,-0.117319,3.870954,0.348626,10.036849
0.255245,-2.701594,-1.146887,-4.317803,-0.961381
0.623325,-0.338254,-0.873890,-3.363730,1.532054
0.186219,-1.536993,-1.317172,0.797460,-1.274004
0.549723,-0.515697,1.702323,-1.427876,6.144616
1.495231,-2.602973,1.332166,1.569235,2.967564
0.234707,0.349405,-1.247473,-3.413358,1.732566
0.279848,-1.991512,1.440395,0.156338,3.680693
0.915803,0.276786,0.884243,0.302536,4.814337
0.146050,-1.418754,3.508739,-4.016352,9.606848
0.290309,1.756112,1.191606,3.363922,6.790549
0.862028,-3.148756,0.116526,-3.190927,0.431057
1.199803,2.701322,-0.046512,1.339161,4.499440
0.112150,-3.538976,-0.059222,-3.619036,1.036413
-0.013092,0.023385,1.618586,3.077869,5.410129
0.168203,0.070997,1.178029,1.349851,4.905298
-1.791221,-2.127035,1.711875,-2.558043,5.294988
0.615670,1.353146,-2.152400,-0.401659,-0.164351
0.605374,-0.433120,-1.631345,0.842781,-1.650427
-0.017744,1.315250,1.173732,-1.254560,6.729544
0.551864,-1.967694,-0.454315,-3.665774,1.089215
0.225070,1.252260,0.702034,-0.059831,4.684144
-0.088069,-1.650534,1.587043,-3.514123,5.802631
1.998421,-0.670447,3.624982,2.685515,8.608263
0.064180,1.040926,0.867873,1.008275,5.519267
1.000357,-1.748684,-0.397802,-1.060711,1.186344
-0.685569,-1.147593,0.808210,0.481979,3.816600
0.522678,-1.448562,1.599379,-4.894046,5.492662
0.057934,-1.321889,1.742741,1.410152,5.230391
0.982437,-0.598928,1.805362,-2.495814,5.774102
0.407648,-5.220561,2.886808,3.527006,3.166911
-0.119047,-2.500524,-2.584269,-3.757194,-2.685971
0.438267,-1.011146,-1.694003,-1.355410,-1.111333
-0.173448,0.345722,1.440416,-0.698541,7.192109
0.434782,-0.676041,-2.568892,0.234692,-3.092656
0.296309,0.961602,-2.203859,1.601063,-1.165980
-0.148770,-0.079966,2.167143,-3.612000,7.659160
